{
  "output": {
    "SCF": {
      "nucl_rep_energy": 13.472035561781432,
      "iter": {
        "1": {
          "energy": -39.78000165113272,
          "e_diff": -39.78000165113272,
          "rmsd": 0.02193397313041111,
          "ediis": 0.4471803519047987,
          "performance": {
            "total_time": 0.086261948
          }
        },
        "2": {
          "energy": -39.80634858187844,
          "e_diff": -0.026346930745717145,
          "rmsd": 0.06278834884752466,
          "ediis": 0.09172696411617053,
          "performance": {
            "total_time": 0.086106726
          }
        },
        "3": {
          "energy": -39.816750344378576,
          "e_diff": -0.010401762500137579,
          "rmsd": 0.03750434523671837,
          "ediis": 0.009684123990589506,
          "performance": {
            "total_time": 0.085411223
          }
        },
        "4": {
          "energy": -39.81907031416348,
          "e_diff": -0.0023199697849065615,
          "rmsd": 0.019860072412296276,
          "ediis": 0.00503039928674213,
          "performance": {
            "total_time": 0.086989706
          }
        },
        "5": {
          "energy": -39.82075517366077,
          "e_diff": -0.0016848594972884712,
          "rmsd": 0.0070998546186938315,
          "ediis": 0.0045575024333035655,
          "performance": {
            "total_time": 0.088940816
          }
        },
        "6": {
          "energy": -39.8213381924324,
          "e_diff": -0.000583018771628474,
          "rmsd": 0.03682787093635308,
          "ediis": 0.004456946038575628,
          "performance": {
            "total_time": 0.089715841
          }
        },
        "7": {
          "energy": -39.82412250312051,
          "e_diff": -0.002784310688113578,
          "rmsd": 0.09869598299881037,
          "ediis": 0.004162349513251259,
          "performance": {
            "total_time": 0.091290472
          }
        },
        "8": {
          "energy": -39.82923014424948,
          "e_diff": -0.005107641128965668,
          "rmsd": 0.06929904650871897,
          "ediis": 0.0015063884509263887,
          "performance": {
            "total_time": 0.092579313
          }
        },
        "9": {
          "energy": -39.8270135484935,
          "e_diff": 0.002216595755982098,
          "rmsd": 0.0725653423915182,
          "ediis": 0.003230936331766579,
          "performance": {
            "total_time": 0.095506887
          }
        },
        "10": {
          "energy": -39.829860184503225,
          "e_diff": -0.0028466360097283427,
          "rmsd": 0.006286341598089594,
          "ediis": 0.00018681071133804823,
          "performance": {
            "total_time": 0.149880221
          }
        },
        "11": {
          "energy": -39.82994038597675,
          "e_diff": -8.020147352283402e-05,
          "rmsd": 0.007775366586613102,
          "ediis": 4.497737308036637e-05,
          "performance": {
            "total_time": 0.098199912
          }
        },
        "12": {
          "energy": -39.829939248668964,
          "e_diff": 1.1373077839493817e-06,
          "rmsd": 0.004276268763310456,
          "ediis": 8.060781993256632e-05,
          "performance": {
            "total_time": 0.10063284
          }
        },
        "13": {
          "energy": -39.829958064217415,
          "e_diff": -1.8815548450845654e-05,
          "rmsd": 0.0006335609834248052,
          "ediis": 1.0698025822571723e-05,
          "performance": {
            "total_time": 0.103590711
          }
        },
        "14": {
          "energy": -39.82996020622795,
          "e_diff": -2.142010536942962e-06,
          "rmsd": 0.00034943289830010487,
          "ediis": 1.148417001531331e-06,
          "performance": {
            "total_time": 0.10710596
          }
        },
        "15": {
          "energy": -39.82996036360369,
          "e_diff": -1.5737573733076715e-07,
          "rmsd": 0.0005970758968459866,
          "ediis": 8.214823398636725e-08,
          "performance": {
            "total_time": 0.110419943
          }
        },
        "16": {
          "energy": -39.82996035617712,
          "e_diff": 7.426571357882494e-09,
          "rmsd": 4.8178649851293544e-05,
          "ediis": 2.9145149751272467e-07,
          "performance": {
            "total_time": 0.114108843
          }
        },
        "17": {
          "energy": -39.829960387516024,
          "e_diff": -3.133890658091332e-08,
          "rmsd": 0.000301480630511806,
          "ediis": 1.115367282194158e-07,
          "performance": {
            "total_time": 0.118792162
          }
        },
        "18": {
          "energy": -39.829960425355836,
          "e_diff": -3.7839811284356983e-08,
          "rmsd": 1.5042143921763126e-05,
          "ediis": 2.2237104045622263e-08,
          "performance": {
            "total_time": 0.122610366
          }
        },
        "19": {
          "energy": -39.82996042946959,
          "e_diff": -4.1137511175293184e-09,
          "rmsd": 6.50683905980571e-05,
          "ediis": 5.547975560401441e-09,
          "performance": {
            "total_time": 0.127463287
          }
        },
        "20": {
          "energy": -39.82996043093048,
          "e_diff": -1.4608900755774812e-09,
          "rmsd": 1.587921491541395e-05,
          "ediis": 3.9182795666686635e-09,
          "performance": {
            "total_time": 0.132816786
          }
        },
        "21": {
          "energy": -39.82996043165377,
          "e_diff": -7.232898724396364e-10,
          "rmsd": 1.222871872283094e-05,
          "ediis": 2.2387999903822522e-10,
          "performance": {
            "total_time": 0.13975305
          }
        },
        "22": {
          "energy": -39.82996043171905,
          "e_diff": -6.5284666561638e-11,
          "rmsd": 3.6069522611609298e-06,
          "ediis": 6.050900163085406e-12,
          "performance": {
            "total_time": 0.139924593
          }
        },
        "23": {
          "energy": -39.82996043172121,
          "e_diff": -2.1600499167107046e-12,
          "rmsd": 1.3895548469469397e-06,
          "ediis": 8.830365664084564e-12,
          "performance": {
            "total_time": 0.139447648
          }
        },
        "24": {
          "energy": -39.82996043172342,
          "e_diff": -2.2097879082139116e-12,
          "rmsd": 5.326840996350966e-07,
          "ediis": 1.643247645378724e-13,
          "performance": {
            "total_time": 0.139490844
          }
        }
      },
      "final_energy": -39.82996043172342,
      "n_iterations": 24
    },
    "CD": {
      "n_cholesky_vectors": 1136
    },
    "CCSD": {
      "iter": {
        "1": {
          "residual": 0.6904058568345606,
          "correlation": 0.0,
          "performance": {
            "total_time": 1.511118757
          }
        },
        "2": {
          "residual": 0.07242580072308981,
          "correlation": -0.18093750205803885,
          "performance": {
            "total_time": 1.440678425
          }
        },
        "3": {
          "residual": 0.020734752358298067,
          "correlation": -0.1981458747120811,
          "performance": {
            "total_time": 1.444534511
          }
        },
        "4": {
          "residual": 0.009587993331121309,
          "correlation": -0.20293565464358804,
          "performance": {
            "total_time": 1.442197253
          }
        },
        "5": {
          "residual": 0.006147946731523183,
          "correlation": -0.20439956592140032,
          "performance": {
            "total_time": 1.44203069
          }
        },
        "6": {
          "residual": 0.003944599912417581,
          "correlation": -0.20588525374798305,
          "performance": {
            "total_time": 1.440791405
          }
        },
        "7": {
          "residual": 0.0031362482962560344,
          "correlation": -0.205889804037326,