{
  "output": {
    "system_info": {
      "nbf": 28,
      "nshells": 12,
      "nelectrons_total": 14,
      "nelectrons_alpha": 7,
      "nelectrons_beta": 7,
      "nbf_orig": 28
    },
    "SCF": {
      "nucl_rep_energy": 22.518180816769974,
      "xHF": 1.0,
      "iter": {
        "1": {
          "energy": -112.92483137477213,
          "e_diff": -112.92483137477213,
          "rmsd": 0.05573669450753909,
          "ediis": 60.26213396424078,
          "performance": {
            "total_time": 0.022059419
          }
        },
        "2": {
          "energy": -112.70905104630647,
          "e_diff": 0.2157803284656552,
          "rmsd": 0.01600895954490478,
          "ediis": 0.5665831450442456,
          "performance": {
            "total_time": 0.025104628
          }
        },
        "3": {
          "energy": -112.72514407309843,
          "e_diff": -0.016093026791963894,
          "rmsd": 0.006865141608593494,
          "ediis": 0.4194081667053078,
          "performance": {
            "total_time": 0.025418071
          }
        },
        "4": {
          "energy": -112.74906005907881,
          "e_diff": -0.023915985980380583,
          "rmsd": 0.001320113161268439,
          "ediis": 0.0017816816420949493,
          "performance": {
            "total_time": 0.026188235
          }
        },
        "5": {
          "energy": -112.74930762409589,
          "e_diff": -0.00024756501707656753,
          "rmsd": 0.00017318665270036262,
          "ediis": 3.3748342556484104e-05,
          "performance": {
            "total_time": 0.027083785
          }
        },
        "6": {
          "energy": -112.74931124465878,
          "e_diff": -3.620562893047463e-06,
          "rmsd": 2.0263213062525436e-05,
          "ediis": 1.0988096233721298e-06,
          "performance": {
            "total_time": 0.028301249
          }
        },
        "7": {
          "energy": -112.74931133444629,
          "e_diff": -8.978750543064962e-08,
          "rmsd": 3.7754225581871377e-06,
          "ediis": 1.3679588688104887e-08,
          "performance": {
            "total_time": 0.029706446
          }
        },
        "8": {
          "energy": -112.7493113370415,
          "e_diff": -2.5952147097996203e-09,
          "rmsd": 1.2800183493973654e-06,
          "ediis": 1.3149521475980852e-09,
          "performance": {
            "total_time": 0.03143814
          }
        },
        "9": {
          "energy": -112.74931133727397,
          "e_diff": -2.3246116143127438e-10,
          "rmsd": 1.969543170396813e-07,
          "ediis": 3.136627799346432e-11,
          "performance": {
            "total_time": 0.033017306
          }
        },
        "10": {
          "energy": -112.7493113372784,
          "e_diff": -4.433786671143025e-12,
          "rmsd": 4.295731657020677e-08,
          "ediis": 6.069540266730704e-13,
          "performance": {
            "total_time": 0.035093405
          }
        },
        "11": {
          "energy": -112.74931133727857,
          "e_diff": -1.7053025658242404e-13,
          "rmsd": 4.547122726106269e-09,
          "ediis": 2.2394533922832134e-15,
          "performance": {
            "total_time": 0.041167042
          }
        },
        "12": {
          "energy": -112.74931133727848,
          "e_diff": 8.526512829121202e-14,
          "rmsd": 5.103489830957471e-10,
          "ediis": 3.10593852104559e-17,
          "performance": {
            "total_time": 0.041798153
          }
        },
        "13": {
          "energy": -112.74931133727848,
          "e_diff": 0.0,
          "rmsd": 3.490695916800598e-11,
          "ediis": 1.7026391528405589e-18,
          "performance": {
            "total_time": 0.032132685
          }
        },
        "14": {
          "energy": -112.74931133727851,
          "e_diff": -2.842170943040401e-14,
          "rmsd": 1.909346499337589e-11,
          "ediis": 7.279004910748735e-19,
          "performance": {
            "total_time": 0.024196313
          }
        },
        "15": {
          "energy": -112.74931133727848,
          "e_diff": 2.842170943040401e-14,
          "rmsd": 1.4003502195159768e-11,
          "ediis": 5.241747890388823e-19,
          "performance": {
            "total_time": 0.024408408
          }
        },
        "16": {
          "energy": -112.74931133727851,
          "e_diff": -2.842170943040401e-14,
          "rmsd": 1.2205303197580326e-11,
          "ediis": 3.868161537033035e-19,
          "performance": {
            "total_time": 0.024218724
          }
        },
        "17": {
          "energy": -112.74931133727846,
          "e_diff": 5.684341886080802e-14,
          "rmsd": 1.0366702086819646e-11,
          "ediis": 2.836649086335108e-19,
          "performance": {
            "total_time": 0.024752551
          }
        },
        "18": {
          "energy": -112.74931133727843,
          "e_diff": 2.842170943040401e-14,
          "rmsd": 8.948676640247866e-12,
          "ediis": 2.1024265240693504e-19,
          "performance": {
            "total_time": 0.024817841
          }
        }
      },
      "NE_1e": -310.7759434899105,
      "kinetic_1e": 112.598697713013,
      "energy_1e": -198.1772457768973,
      "energy_2e": 62.90975362284893,
      "final_energy": -112.74931133727843,
      "n_iterations": 18,
      "performance": {
        "total_time": 0.685531107
      }
    },
    "CD": {
      "n_cholesky_vectors": 272,
      "diagtol": 1e-08
    },
    "CCSD": {
      "iter": {
        "1": {
          "residual": 0.47227466737227936,
          "correlation": 0.0,
          "performance": {
            "total_time": 0.06314786
          }
        },
        "2": {
          "residual": 0.06652411138241067,
          "correlation": -0.29077829403796646,
          "performance": {
            "total_time": 0.051225412
          }
        },
        "3": {
          "residual": 0.02882113997812737,
          "correlation": -0.2844915772689274,
          "performance": {
            "total_time": 0.051053025
          }
        },
        "4": {
          "residual": 0.007568433301880975,
          "correlation": -0.29680762957778367,
          "performance": {
            "total_time": 0.050811579
          }
        },
        "5": {
          "residual": 0.005069819511451132,
          "correlation": -0.29618729897791096,
          "performance": {
            "total_time": 0.050713673
          }
        },
        "6": {
          "residual": 0.0016426280991002431,
          "correlation": -0.29801673341304796,
          "performance": {
            "total_time": 0.051079168
          }
        },
        "7": {
          "residual": 0.0007259133469291574,
          "correlation": -0.2979134458009884,
          "performance": {
            "total_time": 0.050438978
          }
        },
        "8": {
          "residual": 0.0003273535466365964,
          "correlation": -0.2980043371232133,
          "performance": {
            "total_time": 0.050591491
          }
        },
        "9": {
          "residual": 0.0001761422196066162,
          "correlation": -0.2980069359953399,
          "performance": {
            "total_time": 0.050299481
          }
        },
        "10": {
          "residual": 8.751549863327423e-05,
          "correlation": -0.2980243824886304,
          "performance": {
            "total_time": 0.05064477
          }
        },
        "11": {
          "residual": 9.256059753383604e-06,
          "correlation": -0.2980359851434438,
          "performance": {
            "total_time": 0.050806892
          }
        },
        "12": {
          "residual": 4.1510493016914454e-06,
          "correlation": -0.2980379051760489,
          "performance": {
            "total_time": 0.050501978
          }
        },
        "13": {
          "residual": 1.2322432827119764e-06,
          "correlation": -0.2980387703182917,