{
  "output": {
    "SCF": {
      "nucl_rep_energy": 22.518180816769974,
      "iter": {
        "1": {
          "energy": -112.70905104627677,
          "e_diff": -112.70905104627677,
          "rmsd": 0.016015893020291876,
          "ediis": 0.5665831450575731,
          "performance": {
            "total_time": 0.018541666
          }
        },
        "2": {
          "energy": -112.72510100602175,
          "e_diff": -0.016049959744975695,
          "rmsd": 0.006904454769155305,
          "ediis": 0.4201704542723895,
          "performance": {
            "total_time": 0.018904761
          }
        },
        "3": {
          "energy": -112.74904705525286,
          "e_diff": -0.023946049231113875,
          "rmsd": 0.001343097620082374,
          "ediis": 0.0019165784339133867,
          "performance": {
            "total_time": 0.01890608
          }
        },
        "4": {
          "energy": -112.7493076134195,
          "e_diff": -0.0002605581666443868,
          "rmsd": 0.00017412485274370145,
          "ediis": 3.3039733034031946e-05,
          "performance": {
            "total_time": 0.020872843
          }
        },
        "5": {
          "energy": -112.74931124569555,
          "e_diff": -3.6322760479379212e-06,
          "rmsd": 2.0234400255564793e-05,
          "ediis": 1.0858621429694372e-06,
          "performance": {
            "total_time": 0.024113486
          }
        },
        "6": {
          "energy": -112.74931133446945,
          "e_diff": -8.877390200723312e-08,
          "rmsd": 3.759174304098958e-06,
          "ediis": 1.3426483924633787e-08,
          "performance": {
            "total_time": 0.021361637
          }
        },
        "7": {
          "energy": -112.74931133701686,
          "e_diff": -2.5474093945376808e-09,
          "rmsd": 1.2640926244559913e-06,
          "ediis": 1.2943783325617226e-09,
          "performance": {
            "total_time": 0.022377448
          }
        },
        "8": {
          "energy": -112.74931133724515,
          "e_diff": -2.28283170145005e-10,
          "rmsd": 1.9637974424160404e-07,
          "ediis": 3.1444753099421346e-11,
          "performance": {
            "total_time": 0.023670715
          }
        },
        "9": {
          "energy": -112.74931133724964,
          "e_diff": -4.490630090003833e-12,
          "rmsd": 4.308919651396116e-08,
          "ediis": 6.045426831465543e-13,
          "performance": {
            "total_time": 0.025269367
          }
        },
        "10": {
          "energy": -112.74931133724978,
          "e_diff": -1.4210854715202004e-13,
          "rmsd": 4.493108573086784e-09,
          "ediis": 2.1058759688742116e-15,
          "performance": {
            "total_time": 0.026350362
          }
        },
        "11": {
          "energy": -112.74931133724989,
          "e_diff": -1.1368683772161603e-13,
          "rmsd": 5.021683246134446e-10,
          "ediis": 2.9561978120761766e-17,
          "performance": {
            "total_time": 0.030853955
          }
        },
        "12": {
          "energy": -112.74931133724978,
          "e_diff": 1.1368683772161603e-13,
          "rmsd": 3.248145711932018e-11,
          "ediis": 1.4677000000457717e-18,
          "performance": {
            "total_time": 0.023870718
          }
        },
        "13": {
          "energy": -112.74931133724967,
          "e_diff": 1.1368683772161603e-13,
          "rmsd": 1.741842133914403e-11,
          "ediis": 6.035900748101856e-19,
          "performance": {
            "total_time": 0.018030499
          }
        },
        "14": {
          "energy": -112.74931133724972,
          "e_diff": -5.684341886080802e-14,
          "rmsd": 1.2722698744461114e-11,
          "ediis": 4.3150926686087565e-19,
          "performance": {
            "total_time": 0.017993354
          }
        },
        "15": {
          "energy": -112.74931133724964,
          "e_diff": 8.526512829121202e-14,
          "rmsd": 1.1073211452855508e-11,
          "ediis": 3.185370736562682e-19,
          "performance": {
            "total_time": 0.018117675
          }
        },
        "16": {
          "energy": -112.74931133724981,
          "e_diff": -1.7053025658242404e-13,
          "rmsd": 9.405200794927512e-12,
          "ediis": 2.334693763470249e-19,
          "performance": {
            "total_time": 0.018029478
          }
        }
      },
      "final_energy": -112.74931133724981,
      "n_iterations": 16
    },
    "CD": {
      "n_cholesky_vectors": 272
    },
    "CCSD": {
      "iter": {
        "1": {
          "residual": 0.47227466737250856,
          "correlation": 0.0,
          "performance": {
            "total_time": 0.046991822
          }
        },
        "2": {
          "residual": 0.06652411138525513,
          "correlation": -0.29077829405227745,
          "performance": {
            "total_time": 0.044311356
          }
        },
        "3": {
          "residual": 0.028821139979992687,
          "correlation": -0.2844915772786073,
          "performance": {
            "total_time": 0.044065048
          }
        },
        "4": {
          "residual": 0.0075684333022522105,
          "correlation": -0.2968076295894605,
          "performance": {
            "total_time": 0.043715633
          }
        },
        "5": {
          "residual": 0.00506981951211426,
          "correlation": -0.2961872989890877,
          "performance": {
            "total_time": 0.043971624
          }
        },
        "6": {
          "residual": 0.0016426280995729587,
          "correlation": -0.2980167334245195,
          "performance": {
            "total_time": 0.043957479
          }
        },
        "7": {
          "residual": 0.0007259133472073378,
          "correlation": -0.29791344581239915,
          "performance": {
            "total_time": 0.043256484
          }
        },
        "8": {
          "residual": 0.0003273535467866321,
          "correlation": -0.2980043371346674,
          "performance": {
            "total_time": 0.043118041
          }
        },
        "9": {
          "residual": 0.00017614221969656526,
          "correlation": -0.29800693600679334,
          "performance": {
            "total_time": 0.042930602
          }
        },
        "10": {
          "residual": 8.751549868312495e-05,
          "correlation": -0.29802438250009317,
          "performance": {
            "total_time": 0.043177191
          }
        },
        "11": {
          "residual": 9.256059756948512e-06,
          "correlation": -0.29803598515491386,
          "performance": {
            "total_time": 0.043784168
          }
        },
        "12": {
          "residual": 4.151049303062832e-06,
          "correlation": -0.2980379051875202,
          "performance": {
            "total_time": 0.043296898
          }
        },
        "13": {
          "residual": 1.2322432829750636e-06,
          "correlation": -0.29803877032976356,
          "performance": {
            "total_time": 0.042986853
          }
        },
        "14": {
          "residual": 8.37465982249047e-07,
          "correlation": -0.298038634370349,
          "performance": {
            "total_time": 0.042950742
          }
        }
      },
      "n_iterations": 14,
      "final_energy": {
        "correlation": -0.298038634370349,
        "total": -113.04734997162015
      }
    },
    "GFCCSD": {
      "retarded_alpha": {
        "level1": {
          "omega_npts": 21,
          "0": {
            "omega": -0.4,
            "A_a": 1.3387955211417648
          },
          "1": {
            "omega": -0.39,
            "A_a": 1.1542328564095186
          },
          "2": {
            "omega": -0.38,
            "A_a": 1.0086169333862978
          },
          "3": {
            "omega": -0.37,
            "A_a": 0.8912590339571556
          },
          "4": {
            "omega": -0.36000000000000004,