{
  "output": {
    "SCF": {
      "nucl_rep_energy": 22.518180816769974,
      "iter": {
        "1": {
          "energy": -112.70905103908758,
          "e_diff": -112.70905103908758,
          "rmsd": 0.016015893129927374,
          "performance": {
            "total_time": 0.017455247
          }
        },
        "2": {
          "energy": -112.7251009988196,
          "e_diff": -0.016049959732015395,
          "rmsd": 0.006904454829106762,
          "performance": {
            "total_time": 0.017543338
          }
        },
        "3": {
          "energy": -112.74904704840095,
          "e_diff": -0.0239460495813546,
          "rmsd": 0.0013430976879916284,
          "performance": {
            "total_time": 0.017985962
          }
        },
        "4": {
          "energy": -112.74930760657465,
          "e_diff": -0.00026055817369297074,
          "rmsd": 0.00017412486110362794,
          "performance": {
            "total_time": 0.018577983
          }
        },
        "5": {
          "energy": -112.74931123885086,
          "e_diff": -3.632276218468178e-06,
          "rmsd": 2.0234398991899737e-05,
          "performance": {
            "total_time": 0.019599228
          }
        },
        "6": {
          "energy": -112.7493113276248,
          "e_diff": -8.877393042894255e-08,
          "rmsd": 3.759173989934761e-06,
          "performance": {
            "total_time": 0.024995969
          }
        },
        "7": {
          "energy": -112.74931133017232,
          "e_diff": -2.5475230813754024e-09,
          "rmsd": 1.2640926436661455e-06,
          "performance": {
            "total_time": 0.021194364
          }
        },
        "8": {
          "energy": -112.74931133040043,
          "e_diff": -2.2811263988842256e-10,
          "rmsd": 1.9637974093280446e-07,
          "performance": {
            "total_time": 0.022142776
          }
        },
        "9": {
          "energy": -112.749311330405,
          "e_diff": -4.575895218295045e-12,
          "rmsd": 4.308919177656208e-08,
          "performance": {
            "total_time": 0.023488693
          }
        },
        "10": {
          "energy": -112.74931133040509,
          "e_diff": -8.526512829121202e-14,
          "rmsd": 4.493111692996177e-09,
          "performance": {
            "total_time": 0.025004611
          }
        },
        "11": {
          "energy": -112.74931133040509,
          "e_diff": 0.0,
          "rmsd": 5.021642348033266e-10,
          "performance": {
            "total_time": 0.029430865
          }
        }
      },
      "final_energy": -112.74931133040509,
      "n_iterations": 11
    },
    "CD": {
      "n_cholesky_vectors": 272
    },
    "CCSD": {
      "iter": {
        "1": {
          "residual": 0.4722746672649836,
          "correlation": 0.0,
          "performance": {
            "total_time": 0.025992377
          }
        },
        "2": {
          "residual": 0.06652411144141814,
          "correlation": -0.2907782943955357,
          "performance": {
            "total_time": 0.022834469
          }
        },
        "3": {
          "residual": 0.02882114001648615,
          "correlation": -0.28449157757444515,
          "performance": {
            "total_time": 0.022834751
          }
        },
        "4": {
          "residual": 0.007568433316318508,
          "correlation": -0.29680762992264814,
          "performance": {
            "total_time": 0.022765251
          }
        },
        "5": {
          "residual": 0.00506981951911572,
          "correlation": -0.29618729931777216,
          "performance": {
            "total_time": 0.022755294
          }
        },
        "6": {
          "residual": 0.0016426281014462658,
          "correlation": -0.29801673376001075,
          "performance": {
            "total_time": 0.022673134
          }
        },
        "7": {
          "residual": 0.0007259133486431227,
          "correlation": -0.29791344614659976,
          "performance": {
            "total_time": 0.022500013
          }
        },
        "8": {
          "residual": 0.00032735354745033177,
          "correlation": -0.29800433746916705,
          "performance": {
            "total_time": 0.022671934
          }
        },
        "9": {
          "residual": 0.00017614222003753573,
          "correlation": -0.2980069363412828,
          "performance": {
            "total_time": 0.02257016
          }
        },
        "10": {
          "residual": 8.75154989047279e-05,
          "correlation": -0.29802438283461996,
          "performance": {
            "total_time": 0.022698243
          }
        },
        "11": {
          "residual": 9.256059804284659e-06,
          "correlation": -0.29803598548950494,
          "performance": {
            "total_time": 0.022522998
          }
        },
        "12": {
          "residual": 4.151049343105903e-06,
          "correlation": -0.2980379055220876,
          "performance": {
            "total_time": 0.022626137
          }
        },
        "13": {
          "residual": 1.2322433080155598e-06,
          "correlation": -0.2980387706643339,
          "performance": {
            "total_time": 0.022488819
          }
        },
        "14": {
          "residual": 8.37465994169919e-07,
          "correlation": -0.2980386347049156,
          "performance": {
            "total_time": 0.022455122
          }
        }
      },
      "n_iterations": 14,
      "final_energy": {
        "correlation": -0.2980386347049156,
        "total": -113.04734996511
      }
    },
    "GFCCSD": {
      "retarded_alpha": {
        "level1": {
          "omega_npts": 21,
          "0": {
            "omega": -0.4,
            "A_a": 1.3387955249616945
          },
          "1": {
            "omega": -0.39,
            "A_a": 1.154232859522797
          },
          "2": {
            "omega": -0.38,
            "A_a": 1.0086169359847745
          },
          "3": {
            "omega": -0.37,
            "A_a": 0.8912590361679844
          },
          "4": {
            "omega": -0.36000000000000004,
            "A_a": 0.7949738816240375
          },
          "5": {
            "omega": -0.35000000000000003,
            "A_a": 0.7147737191894101
          },
          "6": {
            "omega": -0.34,
            "A_a": 0.6470994619425792
          },
          "7": {
            "omega": -0.33,
            "A_a": 0.5893500538200627
          },
          "8": {
            "omega": -0.32,
            "A_a": 0.5395844734135284
          },
          "9": {
            "omega": -0.31,
            "A_a": 0.49632737056495835
          },
          "10": {
            "omega": -0.30000000000000004,
            "A_a": 0.45843893039422423
          },
          "11": {
            "omega": -0.29000000000000004,
            "A_a": 0.42502568571034666
          },
          "12": {
            "omega": -0.28,
            "A_a": 0.39537810418829905
          },
          "13": {
            "omega": -0.27,
            "A_a": 0.3689260843939318
          },
          "14": {
            "omega": -0.26,
            "A_a": 0.34520667837245145
          },
          "15": {
            "omega": -0.25,
            "A_a": 0.32384031795919377
          },
          "16": {
            "omega": -0.24000000000000002,
            "A_a": 0.30451305646853877
          },
          "17": {
            "omega": -0.23,
            "A_a": 0.2869631319099074
          },
          "18": {
            "omega": -0.22000000000000003,
            "A_a": 0.27097067924725193
          },
          "19": {
            "omega": -0.21000000000000002,
            "A_a": 0.2563497675231159
          },
          "20": {
            "omega": -0.2,
            "A_a": 0.2429421742196214
          }
        },
        "level2": {
          "omega_npts": 21,
          "0": {
            "omega": -0.4,
            "A_a": 1.3394503150931285
          },