{
  "output": {
    "SCF": {
      "iter": {
        "1": {
          "energy": -112.69223369036648,
          "e_diff": -112.69223369036648,
          "rmsd": 0.02280823147772677,
          "performance": {
            "total_time": 0.016635013
          }
        },
        "2": {
          "energy": -112.72877172158967,
          "e_diff": -0.03653803122318777,
          "rmsd": 0.004577093421659627,
          "performance": {
            "total_time": 0.017037908
          }
        },
        "3": {
          "energy": -112.74289806946665,
          "e_diff": -0.014126347876981526,
          "rmsd": 0.0015407267587472272,
          "performance": {
            "total_time": 0.017226906
          }
        },
        "4": {
          "energy": -112.74735951779878,
          "e_diff": -0.004461448332136797,
          "rmsd": 0.0008208448730577675,
          "performance": {
            "total_time": 0.018148129
          }
        },
        "5": {
          "energy": -112.74871917675712,
          "e_diff": -0.0013596589583357854,
          "rmsd": 0.00027624770170806473,
          "performance": {
            "total_time": 0.018597178
          }
        },
        "6": {
          "energy": -112.74913282348514,
          "e_diff": -0.000413646728020467,
          "rmsd": 8.406519865174992e-05,
          "performance": {
            "total_time": 0.019366824
          }
        },
        "7": {
          "energy": -112.74925768824396,
          "e_diff": -0.00012486475881701153,
          "rmsd": 2.4419677349161895e-05,
          "performance": {
            "total_time": 0.020461786
          }
        },
        "8": {
          "energy": -112.74929523378968,
          "e_diff": -3.7545545723105533e-05,
          "rmsd": 7.304233112315573e-06,
          "performance": {
            "total_time": 0.021539489
          }
        },
        "9": {
          "energy": -112.7493065054435,
          "e_diff": -1.1271653818312188e-05,
          "rmsd": 2.189432582038183e-06,
          "performance": {
            "total_time": 0.022999423
          }
        },
        "10": {
          "energy": -112.74930988765122,
          "e_diff": -3.38220772277964e-06,
          "rmsd": 6.560247723591317e-07,
          "performance": {
            "total_time": 0.024430352
          }
        },
        "11": {
          "energy": -112.74931090237756,
          "e_diff": -1.014726336734384e-06,
          "rmsd": 1.9692343337265186e-07,
          "performance": {
            "total_time": 0.024486847
          }
        },
        "12": {
          "energy": -112.74931120680118,
          "e_diff": -3.044236223104235e-07,
          "rmsd": 5.902603009851007e-08,
          "performance": {
            "total_time": 0.01747687
          }
        },
        "13": {
          "energy": -112.74931129812877,
          "e_diff": -9.132759259955492e-08,
          "rmsd": 1.7730867840158056e-08,
          "performance": {
            "total_time": 0.016784328
          }
        },
        "14": {
          "energy": -112.74931132552713,
          "e_diff": -2.739835736065288e-08,
          "rmsd": 5.295429776302794e-09,
          "performance": {
            "total_time": 0.017337475
          }
        },
        "15": {
          "energy": -112.74931133374666,
          "e_diff": -8.219529945563409e-09,
          "rmsd": 1.606761815801887e-09,
          "performance": {
            "total_time": 0.017732812
          }
        },
        "16": {
          "energy": -112.74931133621253,
          "e_diff": -2.4658675101818517e-09,
          "rmsd": 4.670271794086489e-10,
          "performance": {
            "total_time": 0.018216108
          }
        },
        "17": {
          "energy": -112.74931133695226,
          "e_diff": -7.397318313451251e-10,
          "rmsd": 1.220919541159367e-10,
          "performance": {
            "total_time": 0.018470489
          }
        },
        "18": {
          "energy": -112.74931133717415,
          "e_diff": -2.2188828552316409e-10,
          "rmsd": 5.3361764216282334e-11,
          "performance": {
            "total_time": 0.017888998
          }
        },
        "19": {
          "energy": -112.74931133724071,
          "e_diff": -6.656364348600619e-11,
          "rmsd": 2.6895774725876542e-11,
          "performance": {
            "total_time": 0.018041512
          }
        }
      },
      "final_energy": -112.74931133724071,
      "n_iterations": 19
    },
    "CD": {
      "n_cholesky_vectors": 272
    },
    "CCSD": {
      "iter": {
        "1": {
          "residual": 0.47227466737377605,
          "correlation": 0.0,
          "performance": {
            "total_time": 0.028139975
          }
        },
        "2": {
          "residual": 0.06652411138415745,
          "correlation": -0.29077829404712685,
          "performance": {
            "total_time": 0.022307258
          }
        },
        "3": {
          "residual": 0.02882113998243432,
          "correlation": -0.28449157727508856,
          "performance": {
            "total_time": 0.022883796
          }
        },
        "4": {
          "residual": 0.007568433302689847,
          "correlation": -0.2968076295863971,
          "performance": {
            "total_time": 0.022373079
          }
        },
        "5": {
          "residual": 0.00506981951307576,
          "correlation": -0.2961872989857599,
          "performance": {
            "total_time": 0.022310023
          }
        },
        "6": {
          "residual": 0.0016426280996003873,
          "correlation": -0.29801673342151097,
          "performance": {
            "total_time": 0.022268315
          }
        },
        "7": {
          "residual": 0.0007259133472400324,
          "correlation": -0.29791344580941603,
          "performance": {
            "total_time": 0.022172843
          }
        },
        "8": {
          "residual": 0.0003273535467847335,
          "correlation": -0.29800433713169444,
          "performance": {
            "total_time": 0.02236785
          }
        },
        "9": {
          "residual": 0.00017614221970591056,
          "correlation": -0.2980069360038147,
          "performance": {
            "total_time": 0.022151038
          }
        },
        "10": {
          "residual": 8.751549868404983e-05,
          "correlation": -0.29802438249711943,
          "performance": {
            "total_time": 0.022209554
          }
        },
        "11": {
          "residual": 9.256059761333774e-06,
          "correlation": -0.2980359851519367,
          "performance": {
            "total_time": 0.022272259
          }
        },
        "12": {
          "residual": 4.15104930361604e-06,
          "correlation": -0.2980379051845464,
          "performance": {
            "total_time": 0.022312381
          }
        },
        "13": {
          "residual": 1.232243283303543e-06,
          "correlation": -0.29803877032678894,
          "performance": {
            "total_time": 0.022235973
          }
        },
        "14": {
          "residual": 8.374659824680305e-07,
          "correlation": -0.29803863436737443,
          "performance": {
            "total_time": 0.025121543
          }
        }
      },
      "n_iterations": 14,
      "final_energy": {
        "correlation": -0.29803863436737443,
        "total": -113.04734997160809
      }
    },
    "GFCCSD": {
      "retarded_alpha": {
        "level1": {
          "omega_npts": 21,
          "0": {
            "omega": -0.4,
            "A_a": 1.3387955213152956
          },
          "1": {
            "omega": -0.39,
            "A_a": 1.1542328565331688
          },
          "2": {
            "omega": -0.38,
            "A_a": 1.0086169334761252
          },
          "3": {
            "omega": -0.37,
            "A_a": 0.8912590340234432
          },
          "4": {
            "omega": -0.36000000000000004,