{
  "output": {
    "system_info": {
      "nbf": 28,
      "nshells": 12,
      "nelectrons_total": 14,
      "nelectrons_alpha": 7,
      "nelectrons_beta": 7,
      "nbf_orig": 28
    },
    "SCF": {
      "nucl_rep_energy": 22.518179172085112,
      "xHF": 1.0,
      "iter": {
        "1": {
          "energy": -112.92483114746177,
          "e_diff": -112.92483114746177,
          "rmsd": 0.055736691806301385,
          "ediis": 60.2621106816344,
          "performance": {
            "total_time": 0.022892903
          }
        },
        "2": {
          "energy": -112.70905102586893,
          "e_diff": 0.215780121592843,
          "rmsd": 0.01600896317659463,
          "ediis": 0.5665833323580958,
          "performance": {
            "total_time": 0.025563784
          }
        },
        "3": {
          "energy": -112.72514405025724,
          "e_diff": -0.016093024388311505,
          "rmsd": 0.006865143578284094,
          "ediis": 0.41940842459824607,
          "performance": {
            "total_time": 0.02621581
          }
        },
        "4": {
          "energy": -112.74906005140382,
          "e_diff": -0.023916001146574217,
          "rmsd": 0.0013201133161371136,
          "ediis": 0.001781681974690046,
          "performance": {
            "total_time": 0.02715812
          }
        },
        "5": {
          "energy": -112.7493076164999,
          "e_diff": -0.00024756509608891974,
          "rmsd": 0.00017318677492334102,
          "ediis": 3.374838559711227e-05,
          "performance": {
            "total_time": 0.028104712
          }
        },
        "6": {
          "energy": -112.74931123706746,
          "e_diff": -3.6205675542078097e-06,
          "rmsd": 2.0263221008511804e-05,
          "ediis": 1.0988102540115246e-06,
          "performance": {
            "total_time": 0.029494384
          }
        },
        "7": {
          "energy": -112.749311326855,
          "e_diff": -8.978753385235905e-08,
          "rmsd": 3.7754226067109033e-06,
          "ediis": 1.3679570411562927e-08,
          "performance": {
            "total_time": 0.031182124
          }
        },
        "8": {
          "energy": -112.7493113294503,
          "e_diff": -2.5952999749279115e-09,
          "rmsd": 1.2800168834977788e-06,
          "ediis": 1.3149491890951298e-09,
          "performance": {
            "total_time": 0.03288673
          }
        },
        "9": {
          "energy": -112.74931132968267,
          "e_diff": -2.3237589630298316e-10,
          "rmsd": 1.9695434210327764e-07,
          "ediis": 3.136631833298627e-11,
          "performance": {
            "total_time": 0.034903905
          }
        },
        "10": {
          "energy": -112.7493113296871,
          "e_diff": -4.433786671143025e-12,
          "rmsd": 4.2957330375985813e-08,
          "ediis": 6.069547576779095e-13,
          "performance": {
            "total_time": 0.037072274
          }
        },
        "11": {
          "energy": -112.74931132968725,
          "e_diff": -1.4210854715202004e-13,
          "rmsd": 4.54712773868542e-09,
          "ediis": 2.239456048636917e-15,
          "performance": {
            "total_time": 0.044369699
          }
        },
        "12": {
          "energy": -112.74931132968727,
          "e_diff": -2.842170943040401e-14,
          "rmsd": 5.103451186196569e-10,
          "ediis": 3.1059411468527734e-17,
          "performance": {
            "total_time": 0.044596256
          }
        },
        "13": {
          "energy": -112.74931132968722,
          "e_diff": 5.684341886080802e-14,
          "rmsd": 3.490504352135364e-11,
          "ediis": 1.7025504143108997e-18,
          "performance": {
            "total_time": 0.034039704
          }
        },
        "14": {
          "energy": -112.74931132968722,
          "e_diff": 0.0,
          "rmsd": 1.9096095768896654e-11,
          "ediis": 7.278758045234392e-19,
          "performance": {
            "total_time": 0.024865941
          }
        },
        "15": {
          "energy": -112.74931132968727,
          "e_diff": -5.684341886080802e-14,
          "rmsd": 1.400224749329035e-11,
          "ediis": 5.241455214079539e-19,
          "performance": {
            "total_time": 0.024990196
          }
        },
        "16": {
          "energy": -112.74931132968716,
          "e_diff": 1.1368683772161603e-13,
          "rmsd": 1.2203533345942008e-11,
          "ediis": 3.8679798738118307e-19,
          "performance": {
            "total_time": 0.024913832
          }
        },
        "17": {
          "energy": -112.74931132968705,
          "e_diff": 1.1368683772161603e-13,
          "rmsd": 1.0366665462547297e-11,
          "ediis": 2.836561091084759e-19,
          "performance": {
            "total_time": 0.024828142
          }
        },
        "18": {
          "energy": -112.74931132968716,
          "e_diff": -1.1368683772161603e-13,
          "rmsd": 8.947953448477455e-12,
          "ediis": 2.1024959409019526e-19,
          "performance": {
            "total_time": 0.02485176
          }
        }
      },
      "NE_1e": -310.77593991046,
      "kinetic_1e": 112.5986972560882,
      "energy_1e": -198.1772426543718,
      "energy_2e": 62.90975215259955,
      "final_energy": -112.74931132968716,
      "n_iterations": 18,
      "performance": {
        "total_time": 0.723057419
      }
    },
    "CD": {
      "n_cholesky_vectors": 272,
      "diagtol": 1e-08
    },
    "CCSD": {
      "iter": {
        "1": {
          "residual": 0.4722746657871251,
          "correlation": 0.0,
          "performance": {
            "total_time": 0.063406267
          }
        },
        "2": {
          "residual": 0.06652411576046138,
          "correlation": -0.2907783084589928,
          "performance": {
            "total_time": 0.050617764
          }
        },
        "3": {
          "residual": 0.028821145740017932,
          "correlation": -0.28449158510843225,
          "performance": {
            "total_time": 0.050414953
          }
        },
        "4": {
          "residual": 0.007568434639216848,
          "correlation": -0.29680764158843964,
          "performance": {
            "total_time": 0.050796152
          }
        },
        "5": {
          "residual": 0.005069821394279986,
          "correlation": -0.2961873095604702,
          "performance": {
            "total_time": 0.050837194
          }
        },
        "6": {
          "residual": 0.0016426286135247214,
          "correlation": -0.29801674481316043,
          "performance": {
            "total_time": 0.051193982
          }
        },
        "7": {
          "residual": 0.0007259136532713241,
          "correlation": -0.2979134571443126,
          "performance": {
            "total_time": 0.05034644
          }
        },
        "8": {
          "residual": 0.0003273536885547376,
          "correlation": -0.2980043485303282,
          "performance": {
            "total_time": 0.050309909
          }
        },
        "9": {
          "residual": 0.0001761423131659745,
          "correlation": -0.29800694739654077,
          "performance": {
            "total_time": 0.050251607
          }
        },
        "10": {
          "residual": 8.751554555515257e-05,
          "correlation": -0.29802439390477165,
          "performance": {
            "total_time": 0.050231834
          }
        },
        "11": {
          "residual": 9.256067850629235e-06,
          "correlation": -0.2980359965640063,
          "performance": {
            "total_time": 0.050987976
          }
        },
        "12": {
          "residual": 4.15105181804793e-06,
          "correlation": -0.29803791660060536,
          "performance": {
            "total_time": 0.050307501
          }
        },
        "13": {
          "residual": 1.232244180191418e-06,
          "correlation": -0.298038781743206,