{
  "output": {
    "SCF": {
      "nucl_rep_energy": 6.183285003016088,
      "iter": {
        "1": {
          "energy": -75.71283049774121,
          "e_diff": -75.71283049774121,
          "rmsd": 0.03257955214067849,
          "performance": {
            "total_time": 0.015483992
          }
        },
        "2": {
          "energy": -75.74683352422767,
          "e_diff": -0.034003026486459476,
          "rmsd": 0.015804998990789906,
          "performance": {
            "total_time": 0.016016877
          }
        },
        "3": {
          "energy": -75.82382142643303,
          "e_diff": -0.07698790220536011,
          "rmsd": 0.0022930807219939463,
          "performance": {
            "total_time": 0.01943365
          }
        },
        "4": {
          "energy": -75.82501301390948,
          "e_diff": -0.0011915874764554246,
          "rmsd": 0.0007599484695402699,
          "performance": {
            "total_time": 0.01713271
          }
        },
        "5": {
          "energy": -75.82509726920236,
          "e_diff": -8.425529287592326e-05,
          "rmsd": 0.00011463504389507483,
          "performance": {
            "total_time": 0.017627853
          }
        },
        "6": {
          "energy": -75.82509912555741,
          "e_diff": -1.856355055451786e-06,
          "rmsd": 2.2579210521510233e-05,
          "performance": {
            "total_time": 0.018561676
          }
        },
        "7": {
          "energy": -75.82509920328712,
          "e_diff": -7.772970889163844e-08,
          "rmsd": 9.921263883054612e-06,
          "performance": {
            "total_time": 0.019975653
          }
        },
        "8": {
          "energy": -75.8250992178641,
          "e_diff": -1.4576983176084468e-08,
          "rmsd": 7.3331245621584e-06,
          "performance": {
            "total_time": 0.021449152
          }
        },
        "9": {
          "energy": -75.82509922158832,
          "e_diff": -3.7242102735035587e-09,
          "rmsd": 9.219365199281313e-07,
          "performance": {
            "total_time": 0.022218363
          }
        },
        "10": {
          "energy": -75.82509922164854,
          "e_diff": -6.022560228302609e-11,
          "rmsd": 2.5171316946242752e-08,
          "performance": {
            "total_time": 0.022121757
          }
        },
        "11": {
          "energy": -75.82509922164871,
          "e_diff": -1.7053025658242404e-13,
          "rmsd": 3.1259583296428102e-09,
          "performance": {
            "total_time": 0.027348867
          }
        }
      },
      "final_energy": -75.82509922164871,
      "n_iterations": 11
    },
    "CD": {
      "n_cholesky_vectors": 279
    },
    "CCSD": {
      "iter": {
        "1": {
          "residual": 0.4157541087083203,
          "correlation": 0.0,
          "performance": {
            "total_time": 0.020237294
          }
        },
        "2": {
          "residual": 0.06424175593024127,
          "correlation": -0.24178574522930443,
          "performance": {
            "total_time": 0.016777445
          }
        },
        "3": {
          "residual": 0.0282181840527429,
          "correlation": -0.23843441947332483,
          "performance": {
            "total_time": 0.016414535
          }
        },
        "4": {
          "residual": 0.012422989280636435,
          "correlation": -0.24947399821529032,
          "performance": {
            "total_time": 0.01668355
          }
        },
        "5": {
          "residual": 0.007254640626670651,
          "correlation": -0.25145438996735475,
          "performance": {
            "total_time": 0.016822904
          }
        },
        "6": {
          "residual": 0.002895954799527687,
          "correlation": -0.2546772617837789,
          "performance": {
            "total_time": 0.016935667
          }
        },
        "7": {
          "residual": 0.001391501034277666,
          "correlation": -0.25467679217271566,
          "performance": {
            "total_time": 0.016908302
          }
        },
        "8": {
          "residual": 0.0009480890889172273,
          "correlation": -0.25478771729865884,
          "performance": {
            "total_time": 0.016443071
          }
        },
        "9": {
          "residual": 0.000604161687088962,
          "correlation": -0.2548418937616446,
          "performance": {
            "total_time": 0.016990744
          }
        },
        "10": {
          "residual": 0.0004092788385218819,
          "correlation": -0.2548855121058329,
          "performance": {
            "total_time": 0.015945251
          }
        },
        "11": {
          "residual": 3.467549423758688e-05,
          "correlation": -0.25496920548166363,
          "performance": {
            "total_time": 0.016813848
          }
        },
        "12": {
          "residual": 1.2080635866347568e-05,
          "correlation": -0.25498333323632477,
          "performance": {
            "total_time": 0.016130666
          }
        },
        "13": {
          "residual": 5.954976846002662e-06,
          "correlation": -0.2549815894875569,
          "performance": {
            "total_time": 0.017621322
          }
        },
        "14": {
          "residual": 3.221361724946719e-06,
          "correlation": -0.2549821688480949,
          "performance": {
            "total_time": 0.016377396
          }
        },
        "15": {
          "residual": 1.7970492428544318e-06,
          "correlation": -0.2549820695999331,
          "performance": {
            "total_time": 0.017706246
          }
        },
        "16": {
          "residual": 5.382779703601262e-07,
          "correlation": -0.25498209961330265,
          "performance": {
            "total_time": 0.019920946
          }
        }
      },
      "n_iterations": 16,
      "final_energy": {
        "correlation": -0.25498209961330265,
        "total": -76.08008132126201
      }
    },
    "EOMCCSD": {
      "iter": {
        "1": {
          "num_trial_vectors": 4,
          "root1": {
            "residual": 0.9736590355323845,
            "energy": 0.24524899413814072
          },
          "root2": {
            "residual": 0.8290738447540204,
            "energy": 0.2600796869608285
          },
          "root3": {
            "residual": 1.0083789633804223,
            "energy": 0.2811037440793468
          },
          "root4": {
            "residual": 0.9230233341632694,
            "energy": 0.4170917451828861
          },
          "performance": {
            "total_time": 0.267568841
          }
        },
        "2": {
          "num_trial_vectors": 8,
          "root1": {
            "residual": 0.2015438869793286,
            "energy": 0.11646124262191587
          },
          "root2": {
            "residual": 0.22408666084560497,
            "energy": 0.14217070911076138
          },
          "root3": {
            "residual": 0.18483073821426085,
            "energy": 0.17057102983693714
          },
          "root4": {
            "residual": 0.27582808038455453,
            "energy": 0.28575636833336476
          },
          "performance": {
            "total_time": 0.274119645
          }
        },
        "3": {
          "num_trial_vectors": 12,
          "root1": {
            "residual": 0.0850042262731914,
            "energy": 0.10994238444999029
          },
          "root2": {
            "residual": 0.10760791824811232,
            "energy": 0.13262415246065531
          },
          "root3": {
            "residual": 0.08731957935730482,
            "energy": 0.1579254099551416
          },
          "root4": {
            "residual": 0.1489385378534074,
            "energy": 0.2680431659474639
          },
          "performance": {
            "total_time": 0.326899066
          }
        },
        "4": {
          "num_trial_vectors": 16,
          "root1": {
            "residual": 0.02797078086453325,