{
  "output": {
    "SCF": {
      "iter": {
        "1": {
          "energy": -75.78833360454385,
          "e_diff": -75.78833360454385,
          "rmsd": 0.01508792783504767,
          "performance": {
            "total_time": 0.006967426
          }
        },
        "2": {
          "energy": -75.80910431979547,
          "e_diff": -0.020770715251615002,
          "rmsd": 0.005182750085719231,
          "performance": {
            "total_time": 0.007583345
          }
        },
        "3": {
          "energy": -75.8199303734909,
          "e_diff": -0.010826053695438986,
          "rmsd": 0.0027573198492600675,
          "performance": {
            "total_time": 0.007988222
          }
        },
        "4": {
          "energy": -75.82355307149572,
          "e_diff": -0.003622698004818403,
          "rmsd": 0.0015492190054514987,
          "performance": {
            "total_time": 0.00885339
          }
        },
        "5": {
          "energy": -75.82477073163909,
          "e_diff": -0.0012176601433679934,
          "rmsd": 0.0005624148832426762,
          "performance": {
            "total_time": 0.009669752
          }
        },
        "6": {
          "energy": -75.82517023031127,
          "e_diff": -0.0003994986721806981,
          "rmsd": 0.00018760269853164768,
          "performance": {
            "total_time": 0.010811035
          }
        },
        "7": {
          "energy": -75.8252948079226,
          "e_diff": -0.00012457761133077838,
          "rmsd": 6.647856910511558e-05,
          "performance": {
            "total_time": 0.012137898
          }
        },
        "8": {
          "energy": -75.82533272570191,
          "e_diff": -3.7917779309282196e-05,
          "rmsd": 2.364326347519246e-05,
          "performance": {
            "total_time": 0.013564741
          }
        },
        "9": {
          "energy": -75.82534417321185,
          "e_diff": -1.1447509933759648e-05,
          "rmsd": 7.256797865612183e-06,
          "performance": {
            "total_time": 0.015337606
          }
        },
        "10": {
          "energy": -75.82534761756679,
          "e_diff": -3.444354945258965e-06,
          "rmsd": 2.1936654512394384e-06,
          "performance": {
            "total_time": 0.017026045
          }
        },
        "11": {
          "energy": -75.82534865182197,
          "e_diff": -1.0342551775011088e-06,
          "rmsd": 6.566048175653383e-07,
          "performance": {
            "total_time": 0.023203684
          }
        },
        "12": {
          "energy": -75.82534896218547,
          "e_diff": -3.103635037859931e-07,
          "rmsd": 1.9684981934467552e-07,
          "performance": {
            "total_time": 0.017423133
          }
        },
        "13": {
          "energy": -75.82534905530227,
          "e_diff": -9.311679605161771e-08,
          "rmsd": 5.904055776069642e-08,
          "performance": {
            "total_time": 0.008200719
          }
        },
        "14": {
          "energy": -75.82534908323805,
          "e_diff": -2.793578346427239e-08,
          "rmsd": 1.7709485882386705e-08,
          "performance": {
            "total_time": 0.007755695
          }
        },
        "15": {
          "energy": -75.82534909161879,
          "e_diff": -8.38073788145266e-09,
          "rmsd": 5.311654868577403e-09,
          "performance": {
            "total_time": 0.007631914
          }
        },
        "16": {
          "energy": -75.82534909413306,
          "e_diff": -2.5142696813418297e-09,
          "rmsd": 1.5943137409137959e-09,
          "performance": {
            "total_time": 0.007624381
          }
        },
        "17": {
          "energy": -75.82534909488732,
          "e_diff": -7.542553248640615e-10,
          "rmsd": 2.2687733202044693e-10,
          "performance": {
            "total_time": 0.007436955
          }
        }
      },
      "final_energy": -75.82534909488732,
      "n_iterations": 17
    },
    "CD": {
      "n_cholesky_vectors": 287
    },
    "CCSD": {
      "iter": {
        "1": {
          "residual": 0.4402482679507275,
          "correlation": 0.0,
          "performance": {
            "total_time": 0.022888248
          }
        },
        "2": {
          "residual": 0.06581240980979401,
          "correlation": -0.24519425439345105,
          "performance": {
            "total_time": 0.017554498
          }
        },
        "3": {
          "residual": 0.02846394383116858,
          "correlation": -0.24125995396457778,
          "performance": {
            "total_time": 0.017944173
          }
        },
        "4": {
          "residual": 0.012435081582337177,
          "correlation": -0.25251599326118623,
          "performance": {
            "total_time": 0.017733792
          }
        },
        "5": {
          "residual": 0.0072658707578321475,
          "correlation": -0.25443796260619433,
          "performance": {
            "total_time": 0.017835824
          }
        },
        "6": {
          "residual": 0.00294280276310448,
          "correlation": -0.257685181232601,
          "performance": {
            "total_time": 0.017590132
          }
        },
        "7": {
          "residual": 0.0013888037143336388,
          "correlation": -0.2576774920094133,
          "performance": {
            "total_time": 0.017532175
          }
        },
        "8": {
          "residual": 0.0009518870849247335,
          "correlation": -0.2577812656977096,
          "performance": {
            "total_time": 0.017699861
          }
        },
        "9": {
          "residual": 0.0006036640933628513,
          "correlation": -0.2578364398971004,
          "performance": {
            "total_time": 0.017756843
          }
        },
        "10": {
          "residual": 0.0004094221720802205,
          "correlation": -0.2578797818910381,
          "performance": {
            "total_time": 0.017558393
          }
        },
        "11": {
          "residual": 3.394613010611843e-05,
          "correlation": -0.2579643303263176,
          "performance": {
            "total_time": 0.017394565
          }
        },
        "12": {
          "residual": 1.2140429886184798e-05,
          "correlation": -0.257977308490332,
          "performance": {
            "total_time": 0.017975865
          }
        },
        "13": {
          "residual": 5.978928819720373e-06,
          "correlation": -0.2579758086188994,
          "performance": {
            "total_time": 0.017694204
          }
        },
        "14": {
          "residual": 3.26066141971705e-06,
          "correlation": -0.2579763459996609,
          "performance": {
            "total_time": 0.017793839
          }
        },
        "15": {
          "residual": 1.8290737087942292e-06,
          "correlation": -0.25797627079407065,
          "performance": {
            "total_time": 0.017594915
          }
        },
        "16": {
          "residual": 5.608395949276043e-07,
          "correlation": -0.25797630792248055,
          "performance": {
            "total_time": 0.017465068
          }
        }
      },
      "n_iterations": 16,
      "final_energy": {
        "correlation": -0.25797630792248055,
        "total": -76.08332540280979
      }
    },
    "EOMCCSD": {
      "iter": {
        "1": {
          "num_trial_vectors": 4,
          "root1": {
            "residual": 0.9835897281186692,
            "energy": 0.24579921791912326
          },
          "root2": {
            "residual": 0.8394635477369753,
            "energy": 0.26043093507753157
          },
          "root3": {
            "residual": 1.0181411403350729,
            "energy": 0.28142556269953
          },
          "root4": {
            "residual": 0.9324981298814707,
            "energy": 0.4177489079661599
          },
          "performance": {
            "total_time": 0.295280588
          }
        },