{
  "output": {
    "SCF": {
      "nucl_rep_energy": 6.183285003016088,
      "iter": {
        "1": {
          "energy": -75.78843118085851,
          "e_diff": -75.78843118085851,
          "rmsd": 0.014961827548462031,
          "performance": {
            "total_time": 0.015356095
          }
        },
        "2": {
          "energy": -75.81077717997684,
          "e_diff": -0.02234599911832902,
          "rmsd": 0.007611498679962473,
          "performance": {
            "total_time": 0.016962466
          }
        },
        "3": {
          "energy": -75.82383924372297,
          "e_diff": -0.01306206374613339,
          "rmsd": 0.001908243736893753,
          "performance": {
            "total_time": 0.018325326
          }
        },
        "4": {
          "energy": -75.82499543762441,
          "e_diff": -0.0011561939014370637,
          "rmsd": 0.000857608297106416,
          "performance": {
            "total_time": 0.015665508
          }
        },
        "5": {
          "energy": -75.82509681544616,
          "e_diff": -0.00010137782174979293,
          "rmsd": 0.00012329055439743293,
          "performance": {
            "total_time": 0.016523231
          }
        },
        "6": {
          "energy": -75.82509899775249,
          "e_diff": -2.1823063320880465e-06,
          "rmsd": 3.432704422509287e-05,
          "performance": {
            "total_time": 0.018140298
          }
        },
        "7": {
          "energy": -75.82509917302619,
          "e_diff": -1.7527369777781132e-07,
          "rmsd": 2.3547945310171856e-05,
          "performance": {
            "total_time": 0.019081963
          }
        },
        "8": {
          "energy": -75.82509921963461,
          "e_diff": -4.660842023440637e-08,
          "rmsd": 5.799880641557157e-06,
          "performance": {
            "total_time": 0.020184562
          }
        },
        "9": {
          "energy": -75.82509922164277,
          "e_diff": -2.0081643015146255e-09,
          "rmsd": 1.888128523506428e-07,
          "performance": {
            "total_time": 0.022031362
          }
        },
        "10": {
          "energy": -75.82509922164868,
          "e_diff": -5.9117155615240335e-12,
          "rmsd": 2.2234708204998503e-08,
          "performance": {
            "total_time": 0.022511572
          }
        },
        "11": {
          "energy": -75.82509922164874,
          "e_diff": -5.684341886080802e-14,
          "rmsd": 3.1652171508822273e-09,
          "performance": {
            "total_time": 0.023654961
          }
        }
      },
      "final_energy": -75.82509922164874,
      "n_iterations": 11
    },
    "CD": {
      "n_cholesky_vectors": 279
    },
    "CCSD": {
      "iter": {
        "1": {
          "residual": 0.41575410875264784,
          "correlation": 0.0,
          "performance": {
            "total_time": 0.026952082
          }
        },
        "2": {
          "residual": 0.06424175596149385,
          "correlation": -0.24178574538627798,
          "performance": {
            "total_time": 0.023050978
          }
        },
        "3": {
          "residual": 0.02821818409888844,
          "correlation": -0.2384344195906673,
          "performance": {
            "total_time": 0.022915581
          }
        },
        "4": {
          "residual": 0.012422989312493728,
          "correlation": -0.24947399835787457,
          "performance": {
            "total_time": 0.022631202
          }
        },
        "5": {
          "residual": 0.007254640655744254,
          "correlation": -0.25145439011452775,
          "performance": {
            "total_time": 0.023016521
          }
        },
        "6": {
          "residual": 0.0028990690195406757,
          "correlation": -0.2546791607611059,
          "performance": {
            "total_time": 0.023398547
          }
        },
        "7": {
          "residual": 0.0013902359582758513,
          "correlation": -0.2546787550277131,
          "performance": {
            "total_time": 0.022601037
          }
        },
        "8": {
          "residual": 0.0009505210084966423,
          "correlation": -0.25478578103649724,
          "performance": {
            "total_time": 0.023317894
          }
        },
        "9": {
          "residual": 0.0006044142554414031,
          "correlation": -0.2548414995557037,
          "performance": {
            "total_time": 0.021554374
          }
        },
        "10": {
          "residual": 0.00040983220143495373,
          "correlation": -0.2548850958788116,
          "performance": {
            "total_time": 0.021790285
          }
        },
        "11": {
          "residual": 3.409701489554401e-05,
          "correlation": -0.2549696499121158,
          "performance": {
            "total_time": 0.022334021
          }
        },
        "12": {
          "residual": 1.1983659180871083e-05,
          "correlation": -0.2549833979807789,
          "performance": {
            "total_time": 0.02254435
          }
        },
        "13": {
          "residual": 5.944107991169779e-06,
          "correlation": -0.25498160129328695,
          "performance": {
            "total_time": 0.02272137
          }
        },
        "14": {
          "residual": 3.226585191396856e-06,
          "correlation": -0.25498216463355616,
          "performance": {
            "total_time": 0.022471362
          }
        },
        "15": {
          "residual": 1.81239774032028e-06,
          "correlation": -0.25498206486083047,
          "performance": {
            "total_time": 0.023049477
          }
        },
        "16": {
          "residual": 5.354939171664852e-07,
          "correlation": -0.2549820946573262,
          "performance": {
            "total_time": 0.02327626
          }
        }
      },
      "n_iterations": 16,
      "final_energy": {
        "correlation": -0.2549820946573262,
        "total": -76.08008131630606
      }
    },
    "DUCC": {
      "performance": {
        "total_time": 0.130842119
      },
      "results": {
        "X1": -32.66763816512353,
        "X2": -0.15095831426135023,
        "X3": -4.084734542307568,
        "X4": 0.0,
        "X5": -8.00123521674941e-37,
        "X6": 0.0,
        "X7": -0.5249612802139214,
        "X8": 2.9732616356727773e-21,
        "X9": 0.0
      }
    }
  },
  "input": {
    "molecule": {
      "name": "h2o_ducc",
      "basisset": "cc-pvdz",
      "gaussian_type": "spherical",
      "geometry_units": "bohr"
    },
    "SCF": {
      "tol_int": 1e-16,
      "tol_lindep": 1e-06,
      "conve": 1e-09,
      "convd": 1e-08,
      "diis_hist": 10,
      "AO_tilesize": 30,
      "force_tilesize": "false",
      "scf_type": "restricted",
      "multiplicity": 1,
      "lambdas": [],
      "polvecs": [],
      "omegas": [],
      "volumes": []
    },
    "CD": {
      "diagtol": 1e-12,
      "itilesize": 1000,
      "write_cv": false,
      "write_vcount": 5000,
      "max_cvecs_factor": 40
    },
    "CCSD": {
      "threshold": 1e-06,
      "tilesize": 40,
      "ndiis": 5,
      "readt": "false",
      "writet": "false",
      "ccsd_maxiter": 100,
      "balance_tiles": "true"
    },
    "DUCC": {
      "nactive": 2
    }
  }
}
