{
  "output": {
    "SCF": {
      "nucl_rep_energy": 6.183285003016088,
      "iter": {
        "1": {
          "energy": -75.71283049774121,
          "e_diff": -75.71283049774121,
          "rmsd": 0.032579552140679195,
          "performance": {
            "total_time": 0.017052159
          }
        },
        "2": {
          "energy": -75.74683352422764,
          "e_diff": -0.034003026486431054,
          "rmsd": 0.015804998990790374,
          "performance": {
            "total_time": 0.018013489
          }
        },
        "3": {
          "energy": -75.82382142643297,
          "e_diff": -0.07698790220533169,
          "rmsd": 0.0022930807219940915,
          "performance": {
            "total_time": 0.018156254
          }
        },
        "4": {
          "energy": -75.82501301390943,
          "e_diff": -0.0011915874764554246,
          "rmsd": 0.0007599484695407973,
          "performance": {
            "total_time": 0.019076033
          }
        },
        "5": {
          "energy": -75.8250972692023,
          "e_diff": -8.425529287592326e-05,
          "rmsd": 0.0001146350438949167,
          "performance": {
            "total_time": 0.020069473
          }
        },
        "6": {
          "energy": -75.82509912555739,
          "e_diff": -1.8563550838734955e-06,
          "rmsd": 2.2579210521239644e-05,
          "performance": {
            "total_time": 0.020932622
          }
        },
        "7": {
          "energy": -75.8250992032871,
          "e_diff": -7.772970889163844e-08,
          "rmsd": 9.921263882812074e-06,
          "performance": {
            "total_time": 0.022333425
          }
        },
        "8": {
          "energy": -75.82509921786408,
          "e_diff": -1.4576983176084468e-08,
          "rmsd": 7.333124562942346e-06,
          "performance": {
            "total_time": 0.023998778
          }
        },
        "9": {
          "energy": -75.82509922158829,
          "e_diff": -3.7242102735035587e-09,
          "rmsd": 9.219365199613965e-07,
          "performance": {
            "total_time": 0.02537351
          }
        },
        "10": {
          "energy": -75.82509922164849,
          "e_diff": -6.019718057359569e-11,
          "rmsd": 2.5171316309059326e-08,
          "performance": {
            "total_time": 0.02754143
          }
        },
        "11": {
          "energy": -75.82509922164866,
          "e_diff": -1.7053025658242404e-13,
          "rmsd": 3.12595750150363e-09,
          "performance": {
            "total_time": 0.033900359
          }
        }
      },
      "final_energy": -75.82509922164866,
      "n_iterations": 11
    },
    "CD": {
      "n_cholesky_vectors": 279
    },
    "CCSD": {
      "iter": {
        "1": {
          "residual": 0.4157541087083188,
          "correlation": 0.0,
          "performance": {
            "total_time": 0.031935275
          }
        },
        "2": {
          "residual": 0.06424175593024099,
          "correlation": -0.24178574522930374,
          "performance": {
            "total_time": 0.030078239
          }
        },
        "3": {
          "residual": 0.028218184052742713,
          "correlation": -0.23843441947332375,
          "performance": {
            "total_time": 0.029969031
          }
        },
        "4": {
          "residual": 0.012422989280636235,
          "correlation": -0.24947399821528926,
          "performance": {
            "total_time": 0.02958849
          }
        },
        "5": {
          "residual": 0.00725464062667052,
          "correlation": -0.2514543899673535,
          "performance": {
            "total_time": 0.029457773
          }
        },
        "6": {
          "residual": 0.0028990689999445767,
          "correlation": -0.25467916059866325,
          "performance": {
            "total_time": 0.030139111
          }
        },
        "7": {
          "residual": 0.001390235947134438,
          "correlation": -0.2546787548634978,
          "performance": {
            "total_time": 0.029742384
          }
        },
        "8": {
          "residual": 0.0009505210001405224,
          "correlation": -0.25478578087106346,
          "performance": {
            "total_time": 0.025299016
          }
        },
        "9": {
          "residual": 0.0006044142497497176,
          "correlation": -0.25484149938948886,
          "performance": {
            "total_time": 0.021825038
          }
        },
        "10": {
          "residual": 0.00040983219721574086,
          "correlation": -0.2548850957120319,
          "performance": {
            "total_time": 0.022504405
          }
        },
        "11": {
          "residual": 3.409701440054195e-05,
          "correlation": -0.25496964974404784,
          "performance": {
            "total_time": 0.026497287
          }
        },
        "12": {
          "residual": 1.1983659005010205e-05,
          "correlation": -0.25498339781245516,
          "performance": {
            "total_time": 0.022599953
          }
        },
        "13": {
          "residual": 5.944107905922319e-06,
          "correlation": -0.25498160112503476,
          "performance": {
            "total_time": 0.021225021
          }
        },
        "14": {
          "residual": 3.2265851456532373e-06,
          "correlation": -0.25498216446529204,
          "performance": {
            "total_time": 0.021029659
          }
        },
        "15": {
          "residual": 1.8123977157325284e-06,
          "correlation": -0.2549820646925736,
          "performance": {
            "total_time": 0.022481194
          }
        },
        "16": {
          "residual": 5.354939108780376e-07,
          "correlation": -0.2549820944890716,
          "performance": {
            "total_time": 0.022148558
          }
        }
      },
      "n_iterations": 16,
      "final_energy": {
        "correlation": -0.2549820944890716,
        "total": -76.08008131613772
      }
    },
    "DUCC": {
      "performance": {
        "total_time": 2.463810108
      },
      "results": {
        "X1": -32.66249424093314,
        "X2": -0.1498545234120571,
        "X3": -4.094466988191765,
        "X4": 9.993861176505272e-23,
        "X5": 0.0,
        "X6": 0.0,
        "X7": -0.5269095952401277,
        "X8": 2.7926445468196334e-21,
        "X9": -3.5264830524668625e-37
      }
    }
  },
  "input": {
    "molecule": {
      "name": "h2o_ducc",
      "basisset": "cc-pvdz",
      "geometry_units": "bohr"
    },
    "SCF": {
      "tol_int": 1e-16,
      "tol_lindep": 1e-06,
      "conve": 1e-09,
      "convd": 1e-08,
      "diis_hist": 10,
      "AO_tilesize": 30,
      "scf_type": "restricted",
      "multiplicity": 1,
      "lambdas": [],
      "polvecs": [],
      "omegas": [],
      "volumes": []
    },
    "CD": {
      "diagtol": 1e-12,
      "itilesize": 1000,
      "write_cv": [false, 5000],
      "max_cvecs_factor": 40
    },
    "CCSD": {
      "threshold": 1e-06,
      "tilesize": 40,
      "ndiis": 5,
      "readt": "false",
      "writet": "false",
      "ccsd_maxiter": 100,
      "balance_tiles": "true"
    },
    "DUCC": {
      "nactive_va": 2
    }
  }
}
