{
  "delta_real": 0.025,
  "E_Ext_l": 2.5,
  "E_Ext_h": 2.5,
  "dE_local": 0.0005,
  "E_c": -1.35654,
  "E_Corr_0": -0.23517
}
